"(0.0, 'ID_big_road1_0')"
"(0.0, 'ID_big_road1_13')"
"(0.0, 'ID_big_road1_14')"
"(0.0, 'ID_big_road1_18')"
"(0.0, 'ID_big_road1_20')"
"(0.0, 'ID_big_road1_21')"
"(0.0, 'ID_big_road1_25')"
"(0.0, 'ID_big_road1_26')"
"(0.0, 'ID_big_road1_27')"
"(0.0, 'ID_big_road1_29')"
"(0.0, 'ID_big_road1_32')"
"(0.0, 'ID_big_road1_34')"
"(0.0, 'ID_big_road1_38')"
"(0.0, 'ID_big_road1_42')"
"(0.0, 'ID_big_road1_43')"
"(0.0, 'ID_big_road1_46')"
"(0.0, 'ID_big_road1_47')"
"(0.0, 'ID_big_road2_16')"
"(0.0, 'ID_big_road2_17')"
"(0.0, 'ID_big_road2_2')"
"(0.0, 'ID_big_road2_21')"
"(0.0, 'ID_big_road2_23')"
"(0.0, 'ID_big_road2_31')"
"(0.0, 'ID_big_road2_33')"
"(0.0, 'ID_big_road2_35')"
"(0.0, 'ID_big_road2_39')"
"(0.0, 'ID_big_road2_4')"
"(0.0, 'ID_big_road2_40')"
"(0.0, 'ID_big_road2_42')"
"(0.0, 'ID_big_road2_43')"
"(0.0, 'ID_big_road2_44')"
"(0.0, 'ID_big_road2_55')"
"(0.0, 'ID_big_road2_6')"
"(0.0, 'ID_big_road2_7')"
"(0.0, 'ID_bus_terminal_1')"
"(0.0, 'ID_bus_terminal_10')"
"(0.0, 'ID_bus_terminal_11')"
"(0.0, 'ID_bus_terminal_9')"
"(0.0, 'ID_metro_10')"
"(0.0, 'ID_metro_100')"
"(0.0, 'ID_metro_105')"
"(0.0, 'ID_metro_106')"
"(0.0, 'ID_metro_108')"
"(0.0, 'ID_metro_112')"
"(0.0, 'ID_metro_113')"
"(0.0, 'ID_metro_118')"
"(0.0, 'ID_metro_119')"
"(0.0, 'ID_metro_12')"
"(0.0, 'ID_metro_122')"
"(0.0, 'ID_metro_125')"
"(0.0, 'ID_metro_126')"
"(0.0, 'ID_metro_127')"
"(0.0, 'ID_metro_129')"
"(0.0, 'ID_metro_13')"
"(0.0, 'ID_metro_132')"
"(0.0, 'ID_metro_134')"
"(0.0, 'ID_metro_135')"
"(0.0, 'ID_metro_14')"
"(0.0, 'ID_metro_141')"
"(0.0, 'ID_metro_143')"
"(0.0, 'ID_metro_145')"
"(0.0, 'ID_metro_146')"
"(0.0, 'ID_metro_147')"
"(0.0, 'ID_metro_151')"
"(0.0, 'ID_metro_152')"
"(0.0, 'ID_metro_155')"
"(0.0, 'ID_metro_160')"
"(0.0, 'ID_metro_161')"
"(0.0, 'ID_metro_163')"
"(0.0, 'ID_metro_167')"
"(0.0, 'ID_metro_170')"
"(0.0, 'ID_metro_173')"
"(0.0, 'ID_metro_174')"
"(0.0, 'ID_metro_177')"
"(0.0, 'ID_metro_178')"
"(0.0, 'ID_metro_18')"
"(0.0, 'ID_metro_180')"
"(0.0, 'ID_metro_181')"
"(0.0, 'ID_metro_182')"
"(0.0, 'ID_metro_183')"
"(0.0, 'ID_metro_186')"
"(0.0, 'ID_metro_188')"
"(0.0, 'ID_metro_189')"
"(0.0, 'ID_metro_19')"
"(0.0, 'ID_metro_190')"
"(0.0, 'ID_metro_193')"
"(0.0, 'ID_metro_195')"
"(0.0, 'ID_metro_199')"
"(0.0, 'ID_metro_2')"
"(0.0, 'ID_metro_202')"
"(0.0, 'ID_metro_204')"
"(0.0, 'ID_metro_208')"
"(0.0, 'ID_metro_210')"
"(0.0, 'ID_metro_217')"
"(0.0, 'ID_metro_22')"
"(0.0, 'ID_metro_221')"
"(0.0, 'ID_metro_23')"
"(0.0, 'ID_metro_27')"
"(0.0, 'ID_metro_28')"
"(0.0, 'ID_metro_3')"
"(0.0, 'ID_metro_31')"
"(0.0, 'ID_metro_38')"
"(0.0, 'ID_metro_4')"
"(0.0, 'ID_metro_43')"
"(0.0, 'ID_metro_45')"
"(0.0, 'ID_metro_47')"
"(0.0, 'ID_metro_48')"
"(0.0, 'ID_metro_5')"
"(0.0, 'ID_metro_50')"
"(0.0, 'ID_metro_51')"
"(0.0, 'ID_metro_53')"
"(0.0, 'ID_metro_56')"
"(0.0, 'ID_metro_58')"
"(0.0, 'ID_metro_59')"
"(0.0, 'ID_metro_60')"
"(0.0, 'ID_metro_62')"
"(0.0, 'ID_metro_66')"
"(0.0, 'ID_metro_77')"
"(0.0, 'ID_metro_8')"
"(0.0, 'ID_metro_81')"
"(0.0, 'ID_metro_85')"
"(0.0, 'ID_metro_86')"
"(0.0, 'ID_metro_88')"
"(0.0, 'ID_metro_9')"
"(0.0, 'ID_metro_91')"
"(0.0, 'ID_metro_92')"
"(0.0, 'ID_metro_93')"
"(0.0, 'ID_metro_95')"
"(0.0, 'ID_metro_97')"
"(0.0, 'ID_metro_98')"
"(0.0, 'ID_railroad_station_avto_0')"
"(0.0, 'ID_railroad_station_avto_101')"
"(0.0, 'ID_railroad_station_avto_106')"
"(0.0, 'ID_railroad_station_avto_108')"
"(0.0, 'ID_railroad_station_avto_110')"
"(0.0, 'ID_railroad_station_avto_111')"
"(0.0, 'ID_railroad_station_avto_114')"
"(0.0, 'ID_railroad_station_avto_116')"
"(0.0, 'ID_railroad_station_avto_117')"
"(0.0, 'ID_railroad_station_avto_118')"
"(0.0, 'ID_railroad_station_avto_12')"
"(0.0, 'ID_railroad_station_avto_122')"
"(0.0, 'ID_railroad_station_avto_123')"
"(0.0, 'ID_railroad_station_avto_125')"
"(0.0, 'ID_railroad_station_avto_126')"
"(0.0, 'ID_railroad_station_avto_127')"
"(0.0, 'ID_railroad_station_avto_13')"
"(0.0, 'ID_railroad_station_avto_130')"
"(0.0, 'ID_railroad_station_avto_131')"
"(0.0, 'ID_railroad_station_avto_15')"
"(0.0, 'ID_railroad_station_avto_17')"
"(0.0, 'ID_railroad_station_avto_2')"
"(0.0, 'ID_railroad_station_avto_20')"
"(0.0, 'ID_railroad_station_avto_26')"
"(0.0, 'ID_railroad_station_avto_29')"
"(0.0, 'ID_railroad_station_avto_30')"
"(0.0, 'ID_railroad_station_avto_34')"
"(0.0, 'ID_railroad_station_avto_4')"
"(0.0, 'ID_railroad_station_avto_43')"
"(0.0, 'ID_railroad_station_avto_44')"
"(0.0, 'ID_railroad_station_avto_47')"
"(0.0, 'ID_railroad_station_avto_48')"
"(0.0, 'ID_railroad_station_avto_5')"
"(0.0, 'ID_railroad_station_avto_51')"
"(0.0, 'ID_railroad_station_avto_53')"
"(0.0, 'ID_railroad_station_avto_55')"
"(0.0, 'ID_railroad_station_avto_59')"
"(0.0, 'ID_railroad_station_avto_6')"
"(0.0, 'ID_railroad_station_avto_60')"
"(0.0, 'ID_railroad_station_avto_61')"
"(0.0, 'ID_railroad_station_avto_62')"
"(0.0, 'ID_railroad_station_avto_64')"
"(0.0, 'ID_railroad_station_avto_65')"
"(0.0, 'ID_railroad_station_avto_67')"
"(0.0, 'ID_railroad_station_avto_69')"
"(0.0, 'ID_railroad_station_avto_7')"
"(0.0, 'ID_railroad_station_avto_71')"
"(0.0, 'ID_railroad_station_avto_80')"
"(0.0, 'ID_railroad_station_avto_82')"
"(0.0, 'ID_railroad_station_avto_83')"
"(0.0, 'ID_railroad_station_avto_84')"
"(0.0, 'ID_railroad_station_avto_85')"
"(0.0, 'ID_railroad_station_avto_87')"
"(0.0, 'ID_railroad_station_avto_9')"
"(0.0, 'ID_railroad_station_avto_93')"
"(0.0, 'ID_railroad_station_avto_95')"
"(0.0, 'ID_railroad_station_avto_97')"
"(0.0, 'ID_railroad_station_avto_99')"
"(0.0, 'ID_railroad_station_walk_-1')"
"(0.0, 'ID_railroad_station_walk_103')"
"(0.0, 'ID_railroad_station_walk_104')"
"(0.0, 'ID_railroad_station_walk_105')"
"(0.0, 'ID_railroad_station_walk_106')"
"(0.0, 'ID_railroad_station_walk_111')"
"(0.0, 'ID_railroad_station_walk_113')"
"(0.0, 'ID_railroad_station_walk_115')"
"(0.0, 'ID_railroad_station_walk_116')"
"(0.0, 'ID_railroad_station_walk_119')"
"(0.0, 'ID_railroad_station_walk_12')"
"(0.0, 'ID_railroad_station_walk_121')"
"(0.0, 'ID_railroad_station_walk_124')"
"(0.0, 'ID_railroad_station_walk_125')"
"(0.0, 'ID_railroad_station_walk_126')"
"(0.0, 'ID_railroad_station_walk_128')"
"(0.0, 'ID_railroad_station_walk_13')"
"(0.0, 'ID_railroad_station_walk_131')"
"(0.0, 'ID_railroad_station_walk_132')"
"(0.0, 'ID_railroad_station_walk_14')"
"(0.0, 'ID_railroad_station_walk_17')"
"(0.0, 'ID_railroad_station_walk_19')"
"(0.0, 'ID_railroad_station_walk_25')"
"(0.0, 'ID_railroad_station_walk_28')"
"(0.0, 'ID_railroad_station_walk_36')"
"(0.0, 'ID_railroad_station_walk_4')"
"(0.0, 'ID_railroad_station_walk_40')"
"(0.0, 'ID_railroad_station_walk_41')"
"(0.0, 'ID_railroad_station_walk_42')"
"(0.0, 'ID_railroad_station_walk_43')"
"(0.0, 'ID_railroad_station_walk_44')"
"(0.0, 'ID_railroad_station_walk_5')"
"(0.0, 'ID_railroad_station_walk_53')"
"(0.0, 'ID_railroad_station_walk_55')"
"(0.0, 'ID_railroad_station_walk_58')"
"(0.0, 'ID_railroad_station_walk_59')"
"(0.0, 'ID_railroad_station_walk_64')"
"(0.0, 'ID_railroad_station_walk_65')"
"(0.0, 'ID_railroad_station_walk_67')"
"(0.0, 'ID_railroad_station_walk_68')"
"(0.0, 'ID_railroad_station_walk_70')"
"(0.0, 'ID_railroad_station_walk_73')"
"(0.0, 'ID_railroad_station_walk_79')"
"(0.0, 'ID_railroad_station_walk_84')"
"(0.0, 'ID_railroad_station_walk_85')"
"(0.0, 'ID_railroad_station_walk_86')"
"(0.0, 'ID_railroad_station_walk_9')"
"(0.0, 'apartment_fund_sqm_2')"
"(0.0, 'bandwidth_sports_0')"
"(0.0, 'cafe_count_1000_price_high_1')"
"(0.0, 'cafe_count_1000_price_high_3')"
"(0.0, 'cafe_count_1000_price_high_5')"
"(0.0, 'cafe_count_1000_price_high_6')"
"(0.0, 'cafe_count_1000_price_high_7')"
"(0.0, 'cafe_count_500_price_high_1')"
"(0.0, 'cafe_count_500_price_high_3')"
"(0.0, 'child_on_acc_pre_school_0')"
"(0.0, 'childbirth_1')"
"(0.0, 'culture_objects_top_25_raion_2')"
"(0.0, 'ecology_0')"
"(0.0, 'ecology_1')"
"(0.0, 'employment_2')"
"(0.0, 'healthcare_centers_raion_6')"
"(0.0, 'invest_fixed_assets_2')"
"(0.0, 'invest_fixed_assets_4')"
"(0.0, 'invest_fixed_capital_per_cap_0')"
"(0.0, 'labor_force_0')"
"(0.0, 'labor_force_2')"
"(0.0, 'market_count_1000_4')"
"(0.0, 'market_count_1500_4')"
"(0.0, 'market_count_1500_6')"
"(0.0, 'market_count_2000_2')"
"(0.0, 'market_count_500_2')"
"(0.0, 'market_count_500_4')"
"(0.0, 'mosque_count_1000_1')"
"(0.0, 'mosque_count_2000_1')"
"(0.0, 'mosque_count_3000_2')"
"(0.0, 'mosque_count_500_1')"
"(0.0, 'nuclear_reactor_raion_1')"
"(0.0, 'old_house_share')"
"(0.0, 'pop_natural_increase_0')"
"(0.0, 'pop_natural_increase_3')"
"(0.0, 'provision_retail_space_sqm')"
"(0.0, 'quarter_1')"
"(0.0, 'quarter_2')"
"(0.0, 'quarter_3')"
"(0.0, 'railroad_1line_1')"
"(0.0, 'retail_trade_turnover_0')"
"(0.0, 'retail_trade_turnover_growth_4')"
"(0.0, 'school_education_centers_top_20_raion_2')"
"(0.0, 'sub_area_109')"
"(0.0, 'sub_area_110')"
"(0.0, 'sub_area_112')"
"(0.0, 'sub_area_113')"
"(0.0, 'sub_area_115')"
"(0.0, 'sub_area_116')"
"(0.0, 'sub_area_117')"
"(0.0, 'sub_area_121')"
"(0.0, 'sub_area_122')"
"(0.0, 'sub_area_123')"
"(0.0, 'sub_area_124')"
"(0.0, 'sub_area_127')"
"(0.0, 'sub_area_131')"
"(0.0, 'sub_area_135')"
"(0.0, 'sub_area_137')"
"(0.0, 'sub_area_142')"
"(0.0, 'sub_area_143')"
"(0.0, 'sub_area_15')"
"(0.0, 'sub_area_17')"
"(0.0, 'sub_area_18')"
"(0.0, 'sub_area_20')"
"(0.0, 'sub_area_24')"
"(0.0, 'sub_area_25')"
"(0.0, 'sub_area_26')"
"(0.0, 'sub_area_28')"
"(0.0, 'sub_area_3')"
"(0.0, 'sub_area_30')"
"(0.0, 'sub_area_33')"
"(0.0, 'sub_area_34')"
"(0.0, 'sub_area_35')"
"(0.0, 'sub_area_36')"
"(0.0, 'sub_area_38')"
"(0.0, 'sub_area_39')"
"(0.0, 'sub_area_4')"
"(0.0, 'sub_area_40')"
"(0.0, 'sub_area_45')"
"(0.0, 'sub_area_46')"
"(0.0, 'sub_area_5')"
"(0.0, 'sub_area_52')"
"(0.0, 'sub_area_54')"
"(0.0, 'sub_area_56')"
"(0.0, 'sub_area_58')"
"(0.0, 'sub_area_59')"
"(0.0, 'sub_area_61')"
"(0.0, 'sub_area_62')"
"(0.0, 'sub_area_63')"
"(0.0, 'sub_area_67')"
"(0.0, 'sub_area_68')"
"(0.0, 'sub_area_69')"
"(0.0, 'sub_area_73')"
"(0.0, 'sub_area_76')"
"(0.0, 'sub_area_8')"
"(0.0, 'sub_area_81')"
"(0.0, 'sub_area_83')"
"(0.0, 'sub_area_84')"
"(0.0, 'sub_area_89')"
"(0.0, 'sub_area_97')"
"(0.0, 'sub_area_98')"
"(0.0, 'sub_area_99')"
"(0.0, 'trc_count_500_3')"
"(0.0, 'trc_count_500_5')"
"(0.0, 'trc_count_500_7')"
"(0.0, 'trc_count_500_8')"
"(0.0, 'unemployment_1')"
"(0.0, 'water_pipes_share')"
"(2.0319497330723024e-05, 'market_count_1000_6')"
"(4.0678722815101764e-05, 'ID_railroad_station_avto_132')"
"(5.369110310993186e-05, 'ID_railroad_station_walk_83')"
"(6.408536973467882e-05, 'ID_railroad_station_avto_58')"
"(7.395924392450404e-05, 'sub_area_74')"
"(7.705521182277408e-05, 'ID_metro_149')"
"(9.873062718335213e-05, 'ID_big_road2_29')"
"(0.00010888937559494494, 'ID_railroad_station_walk_89')"
"(0.00011907339860472987, 'ID_big_road1_17')"
"(0.000130148068225866, 'ID_railroad_station_walk_54')"
"(0.00015102355598561878, 'ID_railroad_station_walk_92')"
"(0.00015436000181456855, 'ID_metro_25')"
"(0.00017864433853032047, 'ID_railroad_station_avto_98')"
"(0.0001866974309503444, 'ID_railroad_station_walk_26')"
"(0.0001869567546597395, 'market_count_1500_3')"
"(0.0001900733226265494, 'gdp_annual_growth_2')"
"(0.00019647166115843717, 'ID_metro_200')"
"(0.00020111767592112528, 'ID_metro_123')"
"(0.0002056788466007209, 'ID_big_road2_53')"
"(0.000211093147342023, 'ID_metro_184')"
"(0.00021161133572333846, 'ID_big_road1_36')"
"(0.00021313110792564594, 'ID_metro_63')"
"(0.00022604658452651805, 'ID_railroad_station_walk_100')"
"(0.00023009361428716346, 'ID_railroad_station_walk_56')"
"(0.00024790249800998865, 'ID_big_road1_16')"
"(0.0002581883246284278, 'market_count_1000_3')"
"(0.0002584168090977723, 'ID_big_road1_9')"
"(0.0003067792998356911, 'salary_4')"
"(0.00031079214183327153, 'ID_metro_214')"
"(0.0003280232226616775, 'ID_railroad_station_walk_16')"
"(0.00034385754535737334, 'ID_railroad_station_walk_127')"
"(0.000345277808351252, 'ID_railroad_station_walk_107')"
"(0.00036264785854212, 'ID_railroad_station_walk_27')"
"(0.00036723735221300124, 'ID_railroad_station_walk_31')"
"(0.0003686260507318462, 'ID_metro_138')"
"(0.000414358633809897, 'ID_railroad_station_walk_45')"
"(0.0004331568455673285, 'ID_metro_142')"
"(0.00043561390878443795, 'ID_railroad_station_avto_90')"
"(0.00044644634065704736, 'sub_area_119')"
"(0.0004598902523818005, 'seats_theather_rfmin_per_100000_cap_3')"
"(0.0004839700314147599, 'ID_railroad_station_avto_96')"
"(0.00048584244636429297, 'sub_area_140')"
"(0.00048753106905841115, 'ID_metro_220')"
"(0.0004977972484878634, 'ID_railroad_station_walk_11')"
"(0.0004999345062692839, 'ID_big_road1_35')"
"(0.0005111729998015235, 'sub_area_88')"
"(0.0005130875291039505, 'mosque_count_500_0')"
"(0.0005219972070900081, 'ID_big_road2_46')"
"(0.0005287991923144109, 'sub_area_138')"
"(0.0005356930653845904, 'ID_big_road1_39')"
"(0.0005371012461781177, 'load_of_teachers_school_per_teacher_4')"
"(0.0005530324989193591, 'ID_railroad_station_avto_41')"
"(0.0005730053347403619, 'sub_area_55')"
"(0.0005758682688286054, 'ID_railroad_station_avto_45')"
"(0.0005854682739554473, 'ID_railroad_station_avto_63')"
"(0.0005891110543811973, 'salary_growth_3')"
"(0.0005897659856846094, 'ID_big_road1_40')"
"(0.0006030948651452039, 'sub_area_64')"
"(0.0006294385201868202, 'ID_metro_133')"
"(0.0006365371471008796, 'sub_area_133')"
"(0.0006469345139659133, 'ID_railroad_station_avto_128')"
"(0.0006586606271641315, 'ID_railroad_station_avto_19')"
"(0.0006727724296426985, 'ID_bus_terminal_6')"
"(0.000695314433440064, 'ID_big_road1_30')"
"(0.0006991982123323304, 'market_count_1000_5')"
"(0.0007047118847098854, 'ID_big_road1_11')"
"(0.0007072884620895614, 'ID_metro_162')"
"(0.0007097560055184804, 'ID_metro_57')"
"(0.0007102293485101718, 'ID_railroad_station_walk_60')"
"(0.0007322635584474657, 'sub_area_70')"
"(0.0007477551591759113, 'sub_area_7')"
"(0.000762149291437586, 'ID_railroad_station_walk_96')"
"(0.0007624787994486848, 'sub_area_0')"
"(0.000764799646864045, 'ID_metro_111')"
"(0.0007695247653827231, 'sub_area_126')"
"(0.0007796925647463038, 'healthcare_centers_raion_4')"
"(0.000794110750915511, 'sub_area_75')"
"(0.0007981911354904003, 'sub_area_132')"
"(0.0007988761650024045, 'ID_metro_203')"
"(0.000805774427534045, 'ID_metro_83')"
"(0.0008140552868198814, 'ID_big_road2_11')"
"(0.0008218810776494667, 'ID_metro_140')"
"(0.0008255637276335381, 'ID_big_road1_41')"
"(0.00082724363972142, 'ID_railroad_station_walk_80')"
"(0.000833108359514112, 'ID_railroad_station_avto_14')"
"(0.0008386301125755669, 'ID_railroad_station_avto_77')"
"(0.0008544721809990996, 'ID_railroad_station_avto_23')"
"(0.000872949706129722, 'ID_metro_222')"
"(0.0008767818403678795, 'cafe_count_500_price_high_2')"
"(0.0008803013703133633, 'sub_area_93')"
"(0.0008842942190139258, 'ID_metro_110')"
"(0.0008856395252088145, 'ID_metro_69')"
"(0.000886460618548357, 'ID_metro_153')"
"(0.0008971490687772476, 'ID_big_road2_22')"
"(0.000909175749316482, 'culture_objects_top_25_raion_5')"
"(0.0009180375197623825, 'ID_metro_96')"
"(0.000918492231794632, 'ID_big_road2_24')"
"(0.000919949467312442, 'ID_railroad_station_avto_31')"
"(0.0009208436131866726, 'ID_big_road2_34')"
"(0.001008076275126113, 'ID_railroad_station_avto_66')"
"(0.0010102360895247742, 'sub_area_49')"
"(0.001014143457013228, 'sub_area_92')"
"(0.0010167019757840734, 'sub_area_14')"
"(0.0010169606346248639, 'trc_count_500_4')"
"(0.0010322549821479843, 'ID_metro_130')"
"(0.0010355770649141949, 'ID_metro_72')"
"(0.0010360774441475762, 'salary_growth_4')"
"(0.0010363229964296394, 'ID_metro_29')"
"(0.0010415601603834812, 'ID_metro_6')"
"(0.0010473210657047094, 'ID_metro_156')"
"(0.0010566563657041783, 'ID_metro_15')"
"(0.0010598412645475008, 'ID_railroad_station_walk_18')"
"(0.0010749936587186593, 'ID_metro_131')"
"(0.0010885376209026631, 'ID_metro_206')"
"(0.001093338672584876, 'sub_area_1')"
"(0.0010951605107634155, 'ID_metro_75')"
"(0.0011199122896028424, 'ID_railroad_station_walk_88')"
"(0.0011231941854414895, 'ID_railroad_station_walk_57')"
"(0.0011382147308753865, 'ID_metro_136')"
"(0.0011423523662559276, 'ID_metro_94')"
"(0.0011459648832288227, 'ID_metro_117')"
"(0.001163934133893596, 'market_count_1500_7')"
"(0.0011951886785717125, 'ID_metro_1')"
"(0.0012241138514066385, 'sub_area_136')"
"(0.0012284617040860812, 'ID_metro_20')"
"(0.0012363011682576808, 'ID_railroad_station_avto_75')"
"(0.0012449835349992444, 'ID_railroad_station_walk_20')"
"(0.0012552930876046364, 'ID_metro_115')"
"(0.0012571020090563767, 'ID_big_road1_24')"
"(0.001261309938372257, 'healthcare_centers_raion_5')"
"(0.0012816524425425246, 'ID_metro_104')"
"(0.001327158799240502, 'cafe_count_500_price_high_0')"
"(0.001340104104518014, 'provision_nurse_0')"
"(0.0013458268094979076, 'ID_big_road2_28')"
"(0.0013527936070798496, 'sub_area_91')"
"(0.001364376790202515, 'ID_metro_175')"
"(0.001366787803952274, 'sub_area_128')"
"(0.001367369321086942, 'ID_metro_215')"
"(0.0013692720803466507, 'ID_metro_219')"
"(0.001384752069228945, 'ID_railroad_station_avto_50')"
"(0.0013858569477007698, 'ID_metro_158')"
"(0.0013889362212238243, 'ID_big_road1_5')"
"(0.001395817047483705, 'oil_chemistry_raion_1')"
"(0.001396072005834803, 'ID_railroad_station_walk_8')"
"(0.0014075972760281275, 'sub_area_82')"
"(0.0014134462769870293, 'ID_big_road1_45')"
"(0.0014189807557452028, 'ID_metro_201')"
"(0.0014271346874175084, 'ID_metro_37')"
"(0.0014273041031158673, 'ID_metro_139')"
"(0.0014404297138121969, 'ID_metro_176')"
"(0.0014647665014144717, 'ID_railroad_station_avto_36')"
"(0.0015007034236589334, 'ID_metro_87')"
"(0.0015050834757501796, 'sub_area_9')"
"(0.0015079795992112288, 'ID_metro_80')"
"(0.0015155750000599433, 'ID_big_road2_47')"
"(0.0015190246257283935, 'ID_metro_192')"
"(0.0015208615329638242, 'ID_metro_52')"
"(0.0015243938237488042, 'sub_area_53')"
"(0.0015250277250165034, 'ID_railroad_station_avto_100')"
"(0.0015403204322812503, 'sub_area_129')"
"(0.0015445594670051577, 'sub_area_78')"
"(0.0015495947335633087, 'labor_force_3')"
"(0.001563140802446128, 'sub_area_50')"
"(0.0015761940447434064, 'railroad_terminal_raion_0')"
"(0.0015829583217294996, 'provision_nurse_3')"
"(0.001595615646246884, 'load_on_doctors_0')"
"(0.001611547726314777, 'ID_metro_185')"
"(0.0016141332972359201, 'sub_area_130')"
"(0.0016158216095398803, 'ID_metro_33')"
"(0.0016214385793384967, 'ID_railroad_station_avto_70')"
"(0.0016245387232824982, 'ID_big_road2_49')"
"(0.001631909398033926, 'ID_railroad_station_avto_16')"
"(0.0016614564442976043, 'sub_area_90')"
"(0.0016666200053105928, 'ID_railroad_station_walk_2')"
"(0.001699170861327648, 'ID_big_road2_45')"
"(0.0017027648370879778, 'leisure_count_500')"
"(0.0017028901630766757, 'ID_big_road1_33')"
"(0.0017056532566348537, 'ID_metro_24')"
"(0.0017078036166477961, 'sub_area_12')"
"(0.0017169727356283193, 'ID_railroad_station_avto_92')"
"(0.0017492453207428316, 'sub_area_108')"
"(0.0017500784361645927, 'students_state_oneshift_4')"
"(0.0017692098697310588, 'retail_trade_turnover_growth_0')"
"(0.0017711372198074837, 'ID_metro_128')"
"(0.0017715712537094142, 'ID_railroad_station_avto_46')"
"(0.001773413502509813, 'sub_area_44')"
"(0.0017837796926325478, 'ID_metro_187')"
"(0.0018014965396397908, 'sub_area_22')"
"(0.001813429108709963, 'market_count_500_3')"
"(0.0018193551366512128, 'sub_area_2')"
"(0.0018346189859925754, 'mosque_count_1500_1')"
"(0.0018419694466180747, 'ID_railroad_station_walk_30')"
"(0.0018463872208116516, 'child_on_acc_pre_school_2')"
"(0.0018634026012052107, 'ID_railroad_station_avto_107')"
"(0.0018661204367151907, 'ID_big_road2_1')"
"(0.0019054530106845657, 'ID_metro_191')"
"(0.0019109911422428016, 'ID_railroad_station_avto_11')"
"(0.0019273229874874342, 'ID_railroad_station_walk_66')"
"(0.0019390557637870565, 'ID_railroad_station_avto_112')"
"(0.0019391470779055453, 'sub_area_37')"
"(0.0019400119060262178, 'ID_metro_0')"
"(0.001961139427965941, 'turnover_catering_per_cap_3')"
"(0.0019627884492878778, 'ID_metro_124')"
"(0.0019729088981126353, 'ID_big_road2_15')"
"(0.001988620851130607, 'sub_area_10')"
"(0.0019900187770356403, 'ID_big_road2_25')"
"(0.001991995733393148, 'ID_railroad_station_avto_103')"
"(0.001996045240948874, 'big_road1_1line_1')"
"(0.002003197487565389, 'gdp_annual_4')"
"(0.002019596185479866, 'ID_metro_90')"
"(0.002042716780557452, 'ID_metro_137')"
"(0.0020467439991269654, 'retail_trade_turnover_2')"
"(0.0020591662818931766, 'ID_railroad_station_avto_94')"
"(0.0020626506444159087, 'ID_railroad_station_avto_102')"
"(0.0020790333246660797, 'ID_railroad_station_avto_54')"
"(0.0020791503997408256, 'ID_metro_82')"
"(0.0020841944811536006, 'ID_railroad_station_walk_108')"
"(0.00212528397612477, 'sub_area_106')"
"(0.002127954651731212, 'sub_area_31')"
"(0.002135764773218529, 'ID_railroad_station_avto_42')"
"(0.0021416630856367913, 'retail_trade_turnover_per_cap_3')"
"(0.0021426244289852736, 'ID_metro_116')"
"(0.0021437221733302536, 'sub_area_101')"
"(0.002149534695280675, 'ID_railroad_station_walk_81')"
"(0.002156615912791482, 'ID_railroad_station_avto_49')"
"(0.0021590725272651046, 'ID_metro_21')"
"(0.002165800505346871, 'ID_railroad_station_walk_15')"
"(0.0021667496420081367, 'ID_railroad_station_avto_74')"
"(0.0021770335872994817, 'ID_metro_40')"
"(0.002206495371896544, 'ID_railroad_station_walk_102')"
"(0.002209023936386778, 'ID_railroad_station_avto_81')"
"(0.0022123032845902113, 'sub_area_77')"
"(0.0022163395431398225, 'ID_railroad_station_avto_35')"
"(0.002225102091026221, 'cafe_count_1000_price_high_4')"
"(0.002231254025756524, 'ID_railroad_station_avto_56')"
"(0.0022454991246987355, 'cafe_count_1000_price_high_2')"
"(0.002256520584753119, 'ID_railroad_station_walk_122')"
"(0.002271711354767003, 'sub_area_120')"
"(0.002277048948929883, 'ID_railroad_station_avto_104')"
"(0.002280666218132721, 'ID_metro_209')"
"(0.002282491384250074, 'ID_railroad_station_avto_22')"
"(0.002299957182177126, 'ID_railroad_station_avto_52')"
"(0.002304859257427516, 'ID_railroad_station_avto_28')"
"(0.0023284170074671096, 'ID_railroad_station_walk_129')"
"(0.0023413661330780045, 'ID_railroad_station_walk_21')"
"(0.0023473608730815165, 'ID_big_road2_18')"
"(0.0023485003401475524, 'ID_metro_169')"
"(0.002351316064189257, 'ID_railroad_station_avto_57')"
"(0.002351340944435565, 'culture_objects_top_25_raion_3')"
"(0.0023616674076869515, 'ID_metro_46')"
"(0.002372698725059852, 'ID_metro_54')"
"(0.0023757717069821105, 'ID_railroad_station_walk_93')"
"(0.0023944168654370657, 'ID_railroad_terminal_4')"
"(0.0023973116033877417, 'market_count_2000_7')"
"(0.002403525507331361, 'ID_railroad_station_avto_115')"
"(0.002425091605988472, 'ID_metro_159')"
"(0.002439883848434299, 'ID_railroad_station_walk_117')"
"(0.0024405801135487515, 'ID_metro_42')"
"(0.0024411715750296548, 'ID_railroad_station_walk_75')"
"(0.0024851734202049336, 'ID_railroad_station_walk_120')"
"(0.0024885882924963187, 'ID_big_road2_19')"
"(0.0025085534548061617, 'detention_facility_raion_1')"
"(0.0025193887783974134, 'ID_metro_194')"
"(0.002540431663254239, 'ID_big_road1_1')"
"(0.002565933680293675, 'ID_railroad_station_walk_97')"
"(0.0025689745043793177, 'ID_metro_103')"
"(0.0025836197084270207, 'ID_railroad_station_avto_76')"
"(0.0025987391059396625, 'ID_railroad_station_walk_110')"
"(0.0026065905732453043, 'culture_objects_top_25_raion_4')"
"(0.0026137625256568153, 'ID_railroad_station_walk_49')"
"(0.0026347451734645144, 'ID_railroad_station_walk_52')"
"(0.002645919942706465, 'ID_railroad_station_avto_121')"
"(0.0026470995353957694, 'ID_railroad_station_avto_68')"
"(0.0026501720515972327, 'market_count_1000_2')"
"(0.0026677672952646336, 'sub_area_125')"
"(0.002671101073758786, 'ID_metro_109')"
"(0.0026819318520117097, 'ID_railroad_station_avto_24')"
"(0.002684147292985717, 'ID_big_road2_0')"
"(0.0026941659738575208, 'ID_railroad_station_walk_130')"
"(0.0027038366285681015, 'ID_metro_150')"
"(0.002707676004688464, 'ID_railroad_station_walk_76')"
"(0.002735397735805556, 'ID_big_road2_9')"
"(0.0027420319728255205, 'ID_metro_164')"
"(0.0027424411347960476, 'ID_railroad_station_walk_99')"
"(0.002753032808622491, 'childbirth_0')"
"(0.0027544080355725864, 'sub_area_32')"
"(0.002761978331653925, 'sub_area_114')"
"(0.0027704657608209615, 'ID_metro_39')"
"(0.0027755136784666234, 'unemployment_0')"
"(0.0027792932607670906, 'ID_railroad_terminal_6')"
"(0.0027835542094234444, 'ID_metro_165')"
"(0.0027926138996141603, 'sub_area_13')"
"(0.002819804305632001, 'ID_railroad_station_avto_91')"
"(0.0028255133448460423, 'school_education_centers_top_20_raion_1')"
"(0.0028430644543568917, 'ID_railroad_station_avto_39')"
"(0.002863520940612707, 'ID_railroad_station_avto_88')"
"(0.002918432039765939, 'gdp_annual_growth_0')"
"(0.0029201816893253962, 'sub_area_21')"
"(0.0029204026231552938, 'ID_railroad_station_walk_0')"
"(0.002920568421840075, 'sub_area_80')"
"(0.002928239886573536, 'ID_big_road1_19')"
"(0.002942890836063139, 'ID_metro_154')"
"(0.0029488426032537873, 'ID_railroad_station_avto_86')"
"(0.002954867923774751, 'ID_metro_207')"
"(0.0029721063894674327, 'ID_railroad_station_walk_95')"
"(0.002973379897067474, 'ID_big_road2_41')"
"(0.0029984750014515615, 'ID_big_road2_51')"
"(0.0029989469211983977, 'market_count_2000_6')"
"(0.0029992605825464036, 'gdp_deflator_0')"
"(0.0030194303422708124, 'gdp_deflator_4')"
"(0.0030404422337486636, 'ID_railroad_station_walk_63')"
"(0.003062652047116643, 'ID_metro_30')"
"(0.0030792971335047437, 'ID_big_road2_13')"
"(0.0031222150554530703, 'ID_big_road1_4')"
"(0.00313905544176607, 'load_of_teachers_school_per_teacher_1')"
"(0.0031468780628132187, 'ID_railroad_station_walk_48')"
"(0.0031508284761330163, 'ID_railroad_station_walk_33')"
"(0.0031592003718523554, 'sub_area_85')"
"(0.0031706325932068236, 'gdp_annual_0')"
"(0.0031821474768141123, 'market_count_2000_8')"
"(0.0031857555899843515, 'ID_metro_17')"
"(0.0032041460940901434, 'ID_railroad_station_avto_3')"
"(0.00321244891739636, 'ID_metro_120')"
"(0.0032138259322644913, 'ID_big_road1_44')"
"(0.0032178419872608277, 'sub_area_19')"
"(0.003218237888275466, 'sub_area_118')"
"(0.00323148845058685, 'apartment_fund_sqm_3')"
"(0.003251961798010239, 'ID_metro_99')"
"(0.0032579063877000713, 'ID_railroad_station_walk_94')"
"(0.0032845695344307924, 'provision_retail_space_modern_sqm')"
"(0.003290425862374713, 'oil_chemistry_raion_0')"
"(0.003291625498768269, 'ID_railroad_station_walk_69')"
"(0.0033066254752265323, 'ID_big_road1_31')"
"(0.0033121627157348676, 'ID_railroad_station_walk_47')"
"(0.0033180195093109877, 'load_of_teachers_school_per_teacher_0')"
"(0.003330521054726976, 'ID_big_road2_8')"
"(0.0033389116851607614, 'ID_railroad_station_walk_82')"
"(0.003340200959986994, 'sub_area_95')"
"(0.00334125884016534, 'ID_railroad_station_avto_124')"
"(0.003344872570079538, 'ID_metro_144')"
"(0.003374048453270273, 'ID_big_road1_2')"
"(0.0033822067962128166, 'sub_area_43')"
"(0.0034003585427193617, 'sub_area_6')"
"(0.003414539818412665, 'child_on_acc_pre_school_3')"
"(0.0034262637042576927, 'students_state_oneshift_1')"
"(0.0034314878268966176, 'ID_railroad_station_walk_39')"
"(0.0034341676170703828, 'sub_area_144')"
"(0.0034359632046192523, 'ID_metro_179')"
"(0.0034590050154330587, 'sub_area_139')"
"(0.0034654214908598213, 'ID_railroad_station_avto_33')"
"(0.0034735644524590548, 'ID_railroad_terminal_7')"
"(0.003475262982008509, 'railroad_terminal_raion_1')"
"(0.0034767436920106753, 'ID_metro_7')"
"(0.0034807740697957446, 'seats_theather_rfmin_per_100000_cap_2')"
"(0.003485630326864664, 'ID_metro_168')"
"(0.0034876904700917866, 'ID_metro_196')"
"(0.003488793132043755, 'sub_area_42')"
"(0.0034984630228995783, 'retail_trade_turnover_3')"
"(0.003511186633397223, 'ID_metro_198')"
"(0.0035239581934962683, 'ID_metro_32')"
"(0.0035671621545352306, 'ID_big_road2_52')"
"(0.003569146814449864, 'baths_share')"
"(0.00357562770299924, 'ID_railroad_station_walk_78')"
"(0.0035767374120152517, 'ID_railroad_station_walk_87')"
"(0.003587577101987982, 'thermal_power_plant_raion_1')"
"(0.0035880411295929893, 'ID_metro_101')"
"(0.0036037807887847606, 'sub_area_104')"
"(0.0036118273207406126, 'ID_metro_148')"
"(0.0036190020415434176, 'ID_railroad_station_walk_3')"
"(0.003622394109261462, 'ID_metro_36')"
"(0.0036429748659341232, 'sub_area_29')"
"(0.0036512282456333534, 'ID_big_road2_14')"
"(0.0036531215109583126, 'bandwidth_sports_3')"
"(0.003656530756420695, 'ID_railroad_station_avto_73')"
"(0.0036667344841081473, 'ID_big_road2_10')"
"(0.003685117478144262, 'ID_metro_41')"
"(0.0036917596729757474, 'invest_fixed_assets_1')"
"(0.0037076193192591145, 'water_1line_1')"
"(0.003723357872826627, 'sub_area_41')"
"(0.003724765077147252, 'ID_railroad_station_walk_10')"
"(0.0037271770033537877, 'ID_metro_211')"
"(0.00372974099339185, 'ID_railroad_station_avto_8')"
"(0.0037320703793322085, 'ID_metro_197')"
"(0.003740772976473794, 'pop_natural_increase_1')"
"(0.003781337721653344, 'ID_metro_74')"
"(0.0037831146497138146, 'labor_force_1')"
"(0.003793285611766839, 'ID_metro_55')"
"(0.003794055918356465, 'ID_metro_49')"
"(0.0038007639957149397, 'ID_metro_102')"
"(0.0038125291423014573, 'ID_railroad_station_walk_37')"
"(0.003818408217866942, 'ID_metro_11')"
"(0.0038203954347204583, 'ID_metro_213')"
"(0.003822561907763866, 'ID_big_road1_28')"
"(0.0038565973045445734, 'ID_big_road2_57')"
"(0.00386125091459677, 'ID_big_road1_6')"
"(0.0038895378853540663, 'invest_fixed_capital_per_cap_1')"
"(0.003915853319201856, 'modern_education_share_0')"
"(0.003929965885396403, 'turnover_catering_per_cap_0')"
"(0.003969949197243805, 'ID_railroad_station_walk_123')"
"(0.00398449189375194, 'ID_big_road2_50')"
"(0.003995541979261663, 'sub_area_60')"
"(0.0040048743180431945, 'ID_railroad_station_avto_38')"
"(0.00401936477250997, 'build_count_foam')"
"(0.004022099674160451, 'ID_metro_70')"
"(0.004058057051716357, 'ID_railroad_station_avto_79')"
"(0.004063953899646977, 'ID_metro_68')"
"(0.004074243311412484, 'ID_metro_73')"
"(0.004081414447351328, 'modern_education_share_2')"
"(0.00409970157330708, 'detention_facility_raion_0')"
"(0.004122980562892176, 'big_road1_1line_0')"
"(0.004153149693639779, 'sub_area_48')"
"(0.004160689879652013, 'ID_metro_71')"
"(0.004163114250726796, 'market_count_2000_5')"
"(0.0041689097689319166, 'bandwidth_sports_1')"
"(0.004180508781989056, 'trc_count_500_6')"
"(0.0041855718312111545, 'water_1line_0')"
"(0.004192058548513344, 'university_top_20_raion_2')"
"(0.004194487865293528, 'ID_metro_166')"
"(0.004214664118155298, 'invest_fixed_assets_3')"
"(0.004240327513525433, 'pop_natural_increase_2')"
"(0.004253486442411303, 'ID_bus_terminal_0')"
"(0.004259337643770733, 'ID_railroad_station_walk_72')"
"(0.004272813089601701, 'retail_trade_turnover_growth_3')"
"(0.004286560496387759, 'ID_metro_121')"
"(0.00429666516521765, 'sub_area_57')"
"(0.004309721661165389, 'retail_trade_turnover_per_cap_2')"
"(0.0043237062276690885, 'ID_big_road2_5')"
"(0.004339971223297434, 'mosque_count_1000_0')"
"(0.004342987927844266, 'load_on_doctors_1')"
"(0.0043433493044222615, 'ID_bus_terminal_5')"
"(0.004353953532027166, 'average_life_exp_0')"
"(0.00438772117053654, 'ID_bus_terminal_12')"
"(0.0043927714285185715, 'ID_railroad_station_avto_27')"
"(0.004431131551041911, 'labor_force_4')"
"(0.004440534632602411, 'apartment_fund_sqm_1')"
"(0.004463135982143207, 'bandwidth_sports_2')"
"(0.004468452493925801, 'sub_area_27')"
"(0.004472056589992057, 'students_state_oneshift_2')"
"(0.00449781382722203, 'ID_railroad_station_avto_109')"
"(0.004506957919310883, 'ID_big_road2_30')"
"(0.004557203351543526, 'retail_trade_turnover_per_cap_1')"
"(0.004579687814877831, 'sub_area_105')"
"(0.004597035783483916, 'salary_2')"
"(0.004598587382702135, 'sub_area_66')"
"(0.004599534623546786, 'provision_nurse_4')"
"(0.004600552330454866, 'retail_trade_turnover_1')"
"(0.004617300826407877, 'ID_railroad_terminal_1')"
"(0.0046409772089521795, 'childbirth_2')"
"(0.004664996281171119, 'sub_area_111')"
"(0.004678390879833572, 'sub_area_79')"
"(0.004686683158912741, 'gdp_deflator_2')"
"(0.004705228356127744, 'market_count_1500_2')"
"(0.0047115160197095385, 'ID_big_road1_7')"
"(0.004719863272681923, 'ID_metro_26')"
"(0.004722235685406195, 'ID_railroad_station_avto_113')"
"(0.004733128879216952, 'ID_big_road2_38')"
"(0.004738477460923818, 'ID_railroad_station_walk_71')"
"(0.00475993875522418, 'ID_big_road1_23')"
"(0.004761017036345017, 'radiation_raion_0')"
"(0.00477204441293555, 'sub_area_141')"
"(0.004793105666571318, 'healthcare_centers_raion_2')"
"(0.00481295275252247, 'sub_area_51')"
"(0.004822938320346415, 'load_of_teachers_school_per_teacher_2')"
"(0.004823621496478303, 'ID_railroad_station_walk_34')"
"(0.0048382012199099655, 'healthcare_centers_raion_3')"
"(0.004865621061648007, 'sub_area_100')"
"(0.00487470017423397, 'sub_area_107')"
"(0.004886715923924312, 'ID_metro_67')"
"(0.00490660261349829, 'employment_3')"
"(0.004926518963333182, 'quarter_0')"
"(0.004930335688090093, 'ID_railroad_station_walk_6')"
"(0.004948793208658486, 'sub_area_11')"
"(0.004994045450878337, 'market_count_2000_4')"
"(0.005006201960816359, 'ID_big_road2_48')"
"(0.005036687692409725, 'ID_metro_218')"
"(0.0050423437718551956, 'apartment_fund_sqm_4')"
"(0.005044538603740767, 'sub_area_103')"
"(0.005078247949650061, 'mosque_count_2000_0')"
"(0.005083802926814096, 'trc_count_500_1')"
"(0.005083993583549384, 'market_count_2000_3')"
"(0.005084029848228866, 'market_count_2000_1')"
"(0.0051041014113941685, 'culture_objects_top_25_1')"
"(0.005145016532122515, 'ID_railroad_station_avto_119')"
"(0.005161265628538914, 'sub_area_16')"
"(0.005190728910094755, 'ID_metro_89')"
"(0.005201287791414266, 'salary_growth_0')"
"(0.005215771608791275, 'ID_big_road1_8')"
"(0.005222618086393016, 'thermal_power_plant_raion_0')"
"(0.005238458843623395, 'cafe_count_500_price_4000')"
"(0.005253863181737373, 'ID_railroad_station_walk_118')"
"(0.005301007989105155, 'university_top_20_raion_3')"
"(0.0053096052971062235, 'ID_big_road2_20')"
"(0.005319952787576465, 'ID_bus_terminal_2')"
"(0.005327387507626291, 'ID_big_road1_3')"
"(0.005331513830828083, 'ID_railroad_station_avto_25')"
"(0.005333124454542482, 'ID_railroad_station_walk_91')"
"(0.005334052066354289, 'employment_4')"
"(0.005349976341209928, 'sub_area_71')"
"(0.0053622594148650116, 'ID_railroad_station_walk_7')"
"(0.0053635947448120724, 'mosque_count_5000_2')"
"(0.0053664608173309425, 'ID_railroad_station_avto_78')"
"(0.005379913761268229, 'ID_railroad_station_avto_120')"
"(0.005398156601809312, 'pop_natural_increase_4')"
"(0.005429456929044507, 'ID_railroad_station_walk_29')"
"(0.005430278485286655, 'market_count_1500_5')"
"(0.005453762563927045, 'gdp_annual_1')"
"(0.005488069306110344, 'ID_metro_114')"
"(0.005502960910018118, 'sub_area_96')"
"(0.005533795455718193, 'ID_railroad_station_walk_62')"
"(0.0055342709870245255, 'ID_railroad_station_avto_129')"
"(0.005539134097896969, 'unemployment_2')"
"(0.005568150335268474, 'ID_metro_78')"
"(0.00558669936975309, 'ID_railroad_station_walk_101')"
"(0.0055948543262873685, 'salary_0')"
"(0.00559907895165912, 'ID_metro_172')"
"(0.005616588842132231, 'load_on_doctors_2')"
"(0.005629543411434845, 'average_life_exp_4')"
"(0.005652891800709714, 'retail_trade_turnover_4')"
"(0.005690453695426756, 'ID_railroad_station_avto_105')"
"(0.005699102877688045, 'turnover_catering_per_cap_4')"
"(0.005748058001941558, 'ID_railroad_station_walk_77')"
"(0.0057664752288193455, 'ID_metro_216')"
"(0.005790162616283734, 'ID_railroad_station_walk_109')"
"(0.005820424251306022, 'provision_nurse_2')"
"(0.005869792587285927, 'sub_area_47')"
"(0.005894654208743244, 'market_count_500_1')"
"(0.005949328166286794, 'retail_trade_turnover_growth_1')"
"(0.0059570376109765455, 'ID_bus_terminal_4')"
"(0.005959856438176203, 'gdp_annual_growth_4')"
"(0.006020599161963736, 'incineration_raion_0')"
"(0.006029777192720465, 'sub_area_145')"
"(0.006062212311210624, 'gdp_annual_3')"
"(0.006073561675770112, 'ID_metro_35')"
"(0.00615305949135303, 'ID_railroad_station_walk_38')"
"(0.0061854482554084544, 'big_market_raion_1')"
"(0.006201921396503218, 'retail_trade_turnover_growth_2')"
"(0.0062024533336066945, 'ID_railroad_station_walk_51')"
"(0.006243887374874024, 'heating_share')"
"(0.0062522365611947794, 'sub_area_102')"
"(0.0062658450929240495, 'ID_railroad_station_walk_90')"
"(0.006334415869763799, 'ID_railroad_station_walk_32')"
"(0.006337742618677034, 'ID_railroad_station_walk_50')"
"(0.006394385912036782, 'ID_big_road2_36')"
"(0.0064004152132579595, 'mosque_count_5000_1')"
"(0.006436962123237855, 'ID_big_road1_10')"
"(0.006447462530869252, 'mortality_1')"
"(0.006473129592148963, 'ID_big_road2_56')"
"(0.006477638233175709, 'seats_theather_rfmin_per_100000_cap_0')"
"(0.006492630506330199, 'ID_metro_79')"
"(0.006495802595611444, 'gdp_annual_2')"
"(0.006504580974384666, 'ID_railroad_station_avto_1')"
"(0.0065196044512823015, 'ID_railroad_station_walk_112')"
"(0.006525676644085987, 'ID_metro_65')"
"(0.006559048429487291, 'seats_theather_rfmin_per_100000_cap_1')"
"(0.006563981975383326, 'ID_railroad_station_walk_114')"
"(0.006565774005996561, 'sub_area_134')"
"(0.0065804936304445505, 'sub_area_94')"
"(0.00662141059611665, 'nuclear_reactor_raion_0')"
"(0.006643041449090337, 'sub_area_23')"
"(0.006720425793121487, 'ID_metro_84')"
"(0.006760954539795305, 'unemployment_4')"
"(0.006813652208483401, 'sub_area_65')"
"(0.006822545460899665, 'load_of_teachers_school_per_teacher_3')"
"(0.0068493621322684994, 'modern_education_share_-1')"
"(0.006883368379360766, 'mosque_count_1500_0')"
"(0.006918913294344131, 'sub_area_72')"
"(0.006957056220618041, 'ID_railroad_station_avto_21')"
"(0.006970970077847749, 'invest_fixed_assets_0')"
"(0.007113148356323817, 'ID_railroad_terminal_5')"
"(0.007125143587834781, 'load_on_doctors_3')"
"(0.007174837222356567, 'retail_trade_turnover_per_cap_4')"
"(0.0071888837047608956, 'salary_1')"
"(0.007198777941106682, 'ID_railroad_station_avto_89')"
"(0.007216491606562236, 'ID_metro_171')"
"(0.007245953448238751, 'mosque_count_3000_0')"
"(0.00725991471892673, 'salary_3')"
"(0.007310217305842803, 'ID_big_road1_22')"
"(0.007340995957650698, 'invest_fixed_capital_per_cap_3')"
"(0.007366591232172093, 'old_education_build_share_1')"
"(0.007369257341169, 'ID_metro_34')"
"(0.007418134305033464, 'railroad_1line_0')"
"(0.007450719894551927, 'market_count_500_0')"
"(0.007465419899071568, 'average_life_exp_1')"
"(0.007541043744773157, 'cafe_count_1000_price_high_0')"
"(0.007552315999024062, 'ID_metro_212')"
"(0.007583453218216407, 'ID_metro_61')"
"(0.007594657438414254, 'seats_theather_rfmin_per_100000_cap_4')"
"(0.007619685179034885, 'mortality_0')"
"(0.007689941837985659, 'ecology_4')"
"(0.007741385942863888, 'salary_growth_2')"
"(0.007832830326032214, 'average_life_exp_3')"
"(0.007918746720821712, 'ID_railroad_station_walk_1')"
"(0.007922332027238577, 'ID_big_road2_27')"
"(0.007960222745770462, 'ID_railroad_terminal_2')"
"(0.007998863064072825, 'ID_railroad_station_avto_32')"
"(0.008005507273953105, 'unemployment_3')"
"(0.008040919164066018, 'retail_trade_turnover_per_cap_0')"
"(0.008051732593955752, 'sub_area_86')"
"(0.008060146448827465, 'ID_railroad_terminal_0')"
"(0.008063225666642415, 'gdp_deflator_3')"
"(0.008137535543514707, 'load_on_doctors_4')"
"(0.00818371452309652, 'healthcare_centers_raion_1')"
"(0.00820115821480294, 'average_life_exp_2')"
"(0.008263009827255807, 'turnover_catering_per_cap_2')"
"(0.00839295420065489, 'ID_metro_76')"
"(0.008420541442399898, 'gdp_annual_growth_3')"
"(0.00843360538838267, 'ID_railroad_station_walk_98')"
"(0.008481158764338526, 'radiation_raion_1')"
"(0.008495434590503947, 'turnover_catering_per_cap_1')"
"(0.00855895674497198, 'ID_railroad_station_walk_22')"
"(0.008588238915964386, 'ID_big_road2_12')"
"(0.008594840792466085, 'build_count_mix')"
"(0.008630020783996217, 'mortality_2')"
"(0.008710339739617545, 'ID_railroad_station_walk_61')"
"(0.00881099974427757, 'ID_bus_terminal_3')"
"(0.008814835732618986, 'employment_1')"
"(0.008836867008978233, 'mosque_count_3000_1')"
"(0.008875132121481055, 'school_education_centers_top_20_raion_0')"
"(0.00892437262894985, 'big_market_raion_0')"
"(0.008980951381642788, 'ID_metro_16')"
"(0.008993079341611976, 'ID_railroad_station_walk_35')"
"(0.00904320863110053, 'employment_0')"
"(0.009131068323543934, 'market_count_1000_0')"
"(0.009137210721533506, 'ID_railroad_station_walk_24')"
"(0.009189412008764775, 'mortality_3')"
"(0.009327858777303577, 'ID_railroad_station_walk_46')"
"(0.009422054792071366, 'apartment_fund_sqm_0')"
"(0.009438044031079285, 'invest_fixed_capital_per_cap_2')"
"(0.009446134077104373, 'material')"
"(0.009525149661563148, 'incineration_raion_1')"
"(0.009570797130407982, 'salary_growth_1')"
"(0.009632755842260421, 'market_count_1500_1')"
"(0.009649518637941501, 'old_education_build_share_2')"
"(0.009669657052987057, 'ID_railroad_station_walk_74')"
"(0.009719873863804684, 'ID_railroad_terminal_3')"
"(0.009823127974264878, 'ID_big_road2_32')"
"(0.009911048268985478, 'ID_railroad_station_avto_40')"
"(0.009949618359062606, 'students_reg_sports_share')"
"(0.010054773478755497, 'ID_big_road1_12')"
"(0.010092698050291116, 'child_on_acc_pre_school_-1')"
"(0.01012721530296612, 'hot_water_share')"
"(0.01013282513316982, 'apartment_build')"
"(0.010218488362081946, 'culture_objects_top_25_raion_1')"
"(0.010376308287287639, 'bandwidth_sports_4')"
"(0.010390074283634476, 'ID_metro_64')"
"(0.010478445198659703, 'provision_nurse_1')"
"(0.010497492217000914, 'ID_metro_157')"
"(0.010623392753440486, 'culture_objects_top_25_raion_0')"
"(0.010832424367512639, 'modern_education_share_1')"
"(0.010878992394989684, 'trc_count_500_0')"
"(0.0108915589716585, 'old_education_build_share_0')"
"(0.010906274757704448, 'old_education_build_share_-1')"
"(0.01090897025928328, 'market_count_1000_1')"
"(0.011186467117274779, 'students_state_oneshift_3')"
"(0.011247955509077867, 'ID_railroad_station_avto_10')"
"(0.011291161672668526, 'child_on_acc_pre_school_1')"
"(0.01137363518613288, 'theaters_viewers_per_1000_cap')"
"(0.011385357297368559, 'invest_fixed_capital_per_cap_4')"
"(0.011534218861172452, 'gdp_deflator_1')"
"(0.011845366048991446, 'ID_bus_terminal_8')"
"(0.011871137830466783, 'ID_railroad_station_avto_37')"
"(0.011985513051035568, 'unprofitable_enterpr_share')"
"(0.012009557569544693, 'gdp_annual_growth_1')"
"(0.012059336121104103, 'ID_big_road2_26')"
"(0.01211191942043044, 'ID_railroad_station_avto_72')"
"(0.012184133905517314, 'ecology_3')"
"(0.01259407978120497, 'trc_count_500_2')"
"(0.012702503359783623, 'floor')"
"(0.012851601601197471, 'church_count_500')"
"(0.01290056146503571, 'ID_big_road2_54')"
"(0.012964168791362862, 'ID_bus_terminal_13')"
"(0.013034399716485012, 'ID_railroad_station_walk_23')"
"(0.013053042039658846, 'profitable_enterpr_share')"
"(0.013453760970706607, 'students_state_oneshift_0')"
"(0.013763119796943224, 'brent')"
"(0.014057616092831626, 'ID_metro_107')"
"(0.014134861347937289, 'hospital_bed_occupancy_per_year')"
"(0.014145369153747422, 'ID_bus_terminal_7')"
"(0.014277300072439658, 'market_count_1500_0')"
"(0.014456502273479277, 'sewerage_share')"
"(0.014599799076612907, 'mosque_count_5000_0')"
"(0.014613251429316021, 'museum_visitis_per_100_cap')"
"(0.014694995124733046, 'ID_big_road1_15')"
"(0.014919525411983603, 'ID_big_road2_3')"
"(0.015059330812884353, 'grp')"
"(0.01521631366953402, 'gdp_quart_growth')"
"(0.015604948620776327, 'cafe_count_1500_price_high')"
"(0.015612939748131494, 'culture_objects_top_25_0')"
"(0.015828856598567143, 'infant_mortarity_per_1000_cap')"
"(0.015920339097919234, 'university_top_20_raion_0')"
"(0.016332358017302262, 'sub_area_87')"
"(0.016345855191052916, 'micex_rgbi_tr')"
"(0.016453420320031498, 'average_provision_of_build_contract')"
"(0.016556118592597535, 'provision_doctors')"
"(0.016591931368708623, 'cafe_count_500_na_price')"
"(0.01665213469878113, 'leisure_count_1000')"
"(0.01713474748889121, 'usdrub')"
"(0.017229891681185938, 'housing_fund_sqm')"
"(0.017255366984842757, 'construction_value')"
"(0.017258078565539625, 'ID_big_road2_37')"
"(0.017266733333813455, 'perinatal_mort_per_1000_cap')"
"(0.01728126630314053, 'load_of_teachers_preschool_per_teacher')"
"(0.017577154589636157, 'fin_res_per_cap')"
"(0.017615005524769467, 'product_type_1')"
"(0.018044107344229232, 'invest_fixed_assets_phys')"
"(0.018280791617426795, 'population_reg_sports_share')"
"(0.018435584830385432, 'gdp_quart')"
"(0.01845808299077545, 'share_own_revenues')"
"(0.018690837386597936, 'power_clinics')"
"(0.01873023699942533, 'eurrub')"
"(0.018846532980226094, 'university_top_20_raion_1')"
"(0.01925988259336875, 'ID_big_road1_37')"
"(0.019366421498329345, 'average_provision_of_build_contract_moscow')"
"(0.01938435862404342, 'divorce_rate')"
"(0.019463237186429616, 'big_church_count_500')"
"(0.019471647011729765, 'rent_price_3room_bus')"
"(0.01952013047781631, 'ID_metro_205')"
"(0.01999581492538205, 'ID_railroad_station_avto_18')"
"(0.02022614965230307, 'pop_total_inc')"
"(0.020341255559383598, 'balance_trade_growth')"
"(0.020453304372826775, 'mortgage_rate')"
"(0.02085894263588295, 'lodging_sqm_per_cap')"
"(0.020896865142549403, 'micex_cbi_tr')"
"(0.02099968171108868, 'real_dispos_income_per_cap_growth')"
"(0.02105282684145937, 'marriages_per_1000_cap')"
"(0.021118248894634206, 'pop_migration')"
"(0.021179849790822214, 'hospital_beds_available_per_cap')"
"(0.021373680983652443, 'incidence_population')"
"(0.021480144901825593, 'market_count_2000_0')"
"(0.02158848954799275, 'rent_price_2room_eco')"
"(0.021772083170478407, 'deposits_rate')"
"(0.021871193171046466, 'grp_growth')"
"(0.022074789028444064, 'state')"
"(0.022196408699545866, 'electric_stove_share')"
"(0.02244068598392679, 'micex')"
"(0.022645409275617867, 'leisure_count_1500')"
"(0.022992182342263412, 'ppi')"
"(0.02300476387113859, 'cafe_count_1000_price_4000')"
"(0.023063624889272605, 'cafe_count_2000_price_high')"
"(0.02336391952870076, 'build_count_slag')"
"(0.023419216036100865, 'church_count_1000')"
"(0.02368345722600207, 'balance_trade')"
"(0.02393358064593132, 'rent_price_4+room_bus')"
"(0.02398447371436374, 'rent_price_1room_eco')"
"(0.024038641495413904, 'cpi')"
"(0.024059289034467524, 'mortgage_growth')"
"(0.024200087256317948, 'build_count_frame')"
"(0.024305190544233968, 'overdue_wages_per_cap')"
"(0.024549103600290056, 'ID_metro_44')"
"(0.024684887171829706, 'cafe_count_500_price_1500')"
"(0.024993177487438123, 'rts')"
"(0.025098245967539512, 'deposits_growth')"
"(0.025199924540297847, 'oil_urals')"
"(0.025415961441380475, 'deposits_value')"
"(0.025430028074432398, 'mortgage_value')"
"(0.0257564275151847, 'gas_share')"
"(0.025989082157268806, 'sport_count_500')"
"(0.026347299628119325, 'net_capital_export')"
"(0.026401469683210665, 'fixed_basket')"
"(0.02701518511165446, 'product_type_0')"
"(0.02769604162439543, 'income_per_cap')"
"(0.02782511829956391, 'rent_price_2room_bus')"
"(0.028047468507889972, 'cafe_count_500_price_2500')"
"(0.028366219625318045, 'rent_price_1room_bus')"
"(0.02845628713718984, 'big_church_count_1000')"
"(0.028951136356640372, 'rent_price_3room_eco')"
"(0.029088360249925227, 'additional_education_raion')"
"(0.029511617827053138, 'cafe_count_1500_price_4000')"
"(0.031801697006103025, 'leisure_count_2000')"
"(0.034074839156984504, 'cafe_count_500_price_500')"
"(0.03459500807779925, 'cafe_count_500_price_1000')"
"(0.034734772282576376, 'healthcare_centers_raion_0')"
"(0.03674949696196972, 'cafe_count_2000_price_4000')"
"(0.037363934831776247, 'max_floor')"
"(0.0375385926423748, 'office_count_500')"
"(0.03764000707605786, 'cafe_count_1000_na_price')"
"(0.0377798044507327, 'church_count_1500')"
"(0.0378203582969896, 'build_count_before_1920')"
"(0.038937386321874934, 'build_count_wood')"
"(0.04276891295596874, 'cafe_count_1500_na_price')"
"(0.043179957098514965, 'office_count_1000')"
"(0.04388502430410246, 'big_church_count_1500')"
"(0.044977743588958896, 'trc_count_1000')"
"(0.04647656648778775, 'market_count_3000')"
"(0.047404879463757155, 'leisure_count_3000')"
"(0.048376923788986836, 'cafe_count_3000_price_high')"
"(0.04853021207329067, 'trc_sqm_500')"
"(0.049597674234819866, 'build_count_1921-1945')"
"(0.0507193910906365, 'kitch_sq')"
"(0.05090939831579577, 'church_count_2000')"
"(0.05224078907382479, 'office_sqm_500')"
"(0.05312778048171607, 'market_count_5000')"
"(0.053396022481872585, 'cafe_sum_500_max_price_avg')"
"(0.05461767273621487, 'cafe_count_1000_price_2500')"
"(0.05476575888655555, 'big_church_count_2000')"
"(0.054955663311294645, 'cafe_count_3000_price_4000')"
"(0.057422662859546, 'shopping_centers_raion')"
"(0.05923625605467997, 'cafe_count_500')"
"(0.06000888764979817, 'build_year')"
"(0.0606367759407167, 'cafe_count_1000_price_500')"
"(0.0621984143925709, 'cafe_sum_500_min_price_avg')"
"(0.0623454762048008, 'cafe_count_2000_na_price')"
"(0.06248896838973028, 'cafe_count_1000_price_1500')"
"(0.06268243460135503, 'office_raion')"
"(0.06300647089263722, 'sport_count_1000')"
"(0.06318676271744472, 'cafe_avg_price_500')"
"(0.06375903567258212, 'preschool_education_centers_raion')"
"(0.06630634794033963, 'prom_part_500')"
"(0.06643530686831345, 'cafe_count_5000_price_high')"
"(0.06715936978571735, 'ecology_2')"
"(0.06738077850971891, 'trc_count_1500')"
"(0.06784992864847816, 'cafe_count_3000_na_price')"
"(0.06927237466222258, 'church_count_3000')"
"(0.06952469063782862, 'hospital_beds_raion')"
"(0.07197154372209047, 'cafe_count_1500_price_2500')"
"(0.07332489742554538, 'cafe_count_1000_price_1000')"
"(0.07513241763690748, 'office_count_1500')"
"(0.07534170240990168, 'cafe_count_1500_price_500')"
"(0.0776208913878551, 'cafe_count_5000_price_4000')"
"(0.07821642578710053, 'leisure_count_5000')"
"(0.07947069757050662, 'church_count_5000')"
"(0.07998618475858232, 'school_education_centers_raion')"
"(0.08161733348830635, 'cafe_count_1500_price_1500')"
"(0.08210612110178261, 'build_count_monolith')"
"(0.08221344303039824, 'big_church_count_3000')"
"(0.08284300714755033, 'cafe_sum_1000_max_price_avg')"
"(0.0830797998235564, 'office_count_2000')"
"(0.08539094414083581, 'sport_count_1500')"
"(0.08544323265211728, 'trc_count_2000')"
"(0.08688006579664553, 'big_church_count_5000')"
"(0.08916249500128903, 'office_count_3000')"
"(0.09002339308216012, 'cafe_count_1000')"
"(0.09025315996740235, 'cafe_count_2000_price_500')"
"(0.09106721268913809, 'sport_objects_raion')"
"(0.09269796831895416, 'cafe_count_1500_price_1000')"
"(0.0928314468503435, 'cafe_count_5000_na_price')"
"(0.09651431189348747, 'cafe_count_2000_price_2500')"
"(0.0969438365455022, 'office_sqm_1000')"
"(0.09699053070688368, 'cafe_count_3000_price_500')"
"(0.09817424850617495, 'sport_count_2000')"
"(0.09821771973272164, 'trc_count_3000')"
"(0.10052824556372064, 'prom_part_1000')"
"(0.10112904996131822, 'cafe_count_2000_price_1500')"
"(0.10213750550567258, 'cafe_sum_1000_min_price_avg')"
"(0.10492269199633664, 'build_count_after_1995')"
"(0.10512685513853981, 'cafe_count_3000_price_2500')"
"(0.1059640269231894, 'cafe_count_1500')"
"(0.10651394937542591, 'build_count_block')"
"(0.1065374866793154, 'num_room')"
"(0.10656501089254311, 'cafe_count_2000_price_1000')"
"(0.10664870033250717, 'cafe_count_5000_price_2500')"
"(0.10678572235744999, 'trc_count_5000')"
"(0.10700100333069118, 'office_count_5000')"
"(0.10751361789140712, 'sport_count_3000')"
"(0.1099077858976738, 'cafe_avg_price_1000')"
"(0.11301795796107594, 'build_count_brick')"
"(0.11332905135656657, 'trc_sqm_1000')"
"(0.11402908585581595, 'cafe_count_5000_price_500')"
"(0.11479282482526232, 'cafe_sum_1500_max_price_avg')"
"(0.1170418655762826, 'cafe_count_3000_price_1500')"
"(0.1175260338774653, 'cafe_count_2000')"
"(0.11759850884770295, 'sport_count_5000')"
"(0.11867828144185055, 'build_count_1946-1970')"
"(0.11906998254535184, 'green_part_500')"
"(0.12050164807739216, 'cafe_count_3000_price_1000')"
"(0.12126351056190754, 'cafe_count_5000_price_1500')"
"(0.12282117425451555, 'cafe_count_3000')"
"(0.12755438748146863, 'prom_part_1500')"
"(0.12769484064240255, 'build_count_1971-1995')"
"(0.12852469727567217, 'raion_build_count_with_material_info')"
"(0.1292963133620335, 'prom_part_2000')"
"(0.12956970613811936, 'life_sq')"
"(0.13018783247987398, 'prom_part_5000')"
"(0.13042399801533744, 'cafe_count_5000_price_1000')"
"(0.13128314696433874, 'cafe_sum_1500_min_price_avg')"
"(0.13215923602929336, 'build_count_panel')"
"(0.13312133930999215, 'raion_build_count_with_builddate_info')"
"(0.13366224441643548, 'cafe_sum_2000_max_price_avg')"
"(0.13482404360826372, 'green_part_1000')"
"(0.1385755891543643, 'cafe_count_5000')"
"(0.13943203256183323, 'preschool_quota')"
"(0.14048384401968095, 'school_quota')"
"(0.1409725685173091, 'office_sqm_1500')"
"(0.14199617722564595, 'prom_part_3000')"
"(0.14446820091149015, 'cafe_avg_price_1500')"
"(0.14549161024413682, 'cafe_sum_3000_max_price_avg')"
"(0.14824133438348874, 'green_part_1500')"
"(0.14910649807461107, 'indust_part')"
"(0.15234084843717066, 'green_part_2000')"
"(0.15265640014969173, 'work_female')"
"(0.15355922962802837, 'green_part_3000')"
"(0.1536559271454625, 'green_part_5000')"
"(0.15385830382997145, 'work_all')"
"(0.15441740199878962, 'young_all')"
"(0.15459509695561313, 'office_sqm_2000')"
"(0.15484949589903385, 'cafe_sum_2000_min_price_avg')"
"(0.15575964963867794, 'male_f')"
"(0.1564345150496571, '0_6_male')"
"(0.15647717006175133, '7_14_male')"
"(0.15656592684250525, 'young_female')"
"(0.15698234903267827, 'trc_sqm_1500')"
"(0.1570231195255285, 'ekder_all')"
"(0.157095083980189, '7_14_all')"
"(0.15728491553489388, '0_6_female')"
"(0.15735479163865995, '0_17_male')"
"(0.15816925758447287, 'full_all')"
"(0.1583570635090552, '0_17_all')"
"(0.15854731999057914, 'children_school')"
"(0.15855046072746193, '16_29_male')"
"(0.15879632131054366, '16_29_all')"
"(0.15881120885631161, '0_17_female')"
"(0.15884085324097796, 'children_preschool')"
"(0.15893234926643118, '0_13_all')"
"(0.15898922904545, '0_6_all')"
"(0.15918566674050538, 'young_male')"
"(0.15978021989692426, 'ekder_female')"
"(0.1598412113554546, 'raion_popul')"
"(0.1607318719989821, 'cafe_avg_price_2000')"
"(0.16091941063013793, 'ekder_male')"
"(0.1612458317809693, 'female_f')"
"(0.16167864965174528, '0_13_male')"
"(0.1624083468634372, '16_29_female')"
"(0.16246232289165063, '0_13_female')"
"(0.1626249984079109, 'green_zone_part')"
"(0.1629511617146555, 'area_m')"
"(0.16298979003527125, 'work_male')"
"(0.16361564304327936, '7_14_female')"
"(0.16573282568446923, 'cemetery_km')"
"(0.1673059076846659, 'green_zone_km')"
"(0.16747034453293375, 'cafe_sum_3000_min_price_avg')"
"(0.1681262544806632, 'office_sqm_3000')"
"(0.17089404132641017, 'water_km')"
"(0.17089656650179252, 'industrial_km')"
"(0.172221430583815, 'cafe_avg_price_3000')"
"(0.17358006511423207, 'railroad_station_walk_min')"
"(0.1742738934483894, 'railroad_station_walk_km')"
"(0.17444106725638542, 'railroad_station_avto_min')"
"(0.17445867957439032, 'public_transport_station_min_walk')"
"(0.17488794869780344, 'trc_sqm_2000')"
"(0.17504990872371762, 'additional_education_km')"
"(0.17516891959879755, 'big_road1_km')"
"(0.17594813625535388, 'museum_km')"
"(0.17612571290595258, 'church_synagogue_km')"
"(0.17663497102948544, 'railroad_km')"
"(0.177358235292308, 'big_market_km')"
"(0.17760612203501358, 'bus_terminal_avto_km')"
"(0.1776544773867843, 'market_shop_km')"
"(0.17844770556648348, 'railroad_station_avto_km')"
"(0.17861365871717516, 'public_transport_station_km')"
"(0.179046051001865, 'water_treatment_km')"
"(0.1793761917469554, 'exhibition_km')"
"(0.17948710760653785, 'hospice_morgue_km')"
"(0.17961695678633482, 'shopping_centers_km')"
"(0.17964196741492677, 'big_road2_km')"
"(0.17984893172158745, 'university_km')"
"(0.18006188445756321, 'ice_rink_km')"
"(0.18061395435746697, 'fitness_km')"
"(0.1808457165027091, 'stadium_km')"
"(0.1811519757072928, 'kindergarten_km')"
"(0.18186695115649631, 'metro_min_avto')"
"(0.1824136889325807, 'public_healthcare_km')"
"(0.18260355302341336, 'thermal_power_plant_km')"
"(0.18327175555602593, 'basketball_km')"
"(0.18360578222190416, 'incineration_km')"
"(0.1841052346885177, 'workplaces_km')"
"(0.18423239162675298, 'radiation_km')"
"(0.18428134059852597, 'nuclear_reactor_km')"
"(0.18428481398650076, 'office_sqm_5000')"
"(0.18445552477060678, 'metro_km_avto')"
"(0.1845528951814721, 'cafe_sum_5000_max_price_avg')"
"(0.18520474805062048, 'school_km')"
"(0.18532925291692415, 'office_km')"
"(0.18552379887710924, 'theater_km')"
"(0.1860018749398311, 'cafe_sum_5000_min_price_avg')"
"(0.1860504283580009, 'metro_min_walk')"
"(0.18631764759485892, 'preschool_km')"
"(0.18694957407313617, 'mkad_km')"
"(0.18778161220814615, 'ts_km')"
"(0.18783913857160317, 'catering_km')"
"(0.18875279348001217, 'power_transmission_line_km')"
"(0.18879350056357436, 'mosque_km')"
"(0.18896233115675498, 'ttk_km')"
"(0.18897878643701405, 'trc_sqm_3000')"
"(0.1892410487708056, 'metro_km_walk')"
"(0.18984028039088052, 'oil_chemistry_km')"
"(0.19052607331590377, 'park_km')"
"(0.1907340948069951, 'detention_facility_km')"
"(0.19142848165784754, 'big_church_km')"
"(0.19228203437943692, 'swim_pool_km')"
"(0.1925246436806618, 'cafe_avg_price_5000')"
"(0.1972675126934209, 'trc_sqm_5000')"
"(0.197647210335143, 'kremlin_km')"
"(0.19775357634244162, 'zd_vokzaly_avto_km')"
"(0.20154846505722301, 'sadovoe_km')"
"(0.20477367223997334, 'bulvar_ring_km')"
"(0.21254639527552377, 'full_sq')"
